Revised_Energy_Efficiency_Rating,Lower_Super_Output_Area
D,E01000001
D,E01000002
D,E01000003
C,E01000005
D,E01000006
C,E01000007
C,E01000008
D,E01000009
D,E01000010
D,E01000011
D,E01000012
D,E01000013
D,E01000014
D,E01000015
D,E01000016
D,E01000017
D,E01000018
D,E01000019
D,E01000020
D,E01000021
D,E01000022
B,E01000023
D,E01000024
D,E01000025
D,E01000027
D,E01000028
D,E01000029
D,E01000030
D,E01000031
D,E01000032
D,E01000033
D,E01000034
D,E01000035
D,E01000036
D,E01000037
D,E01000038
D,E01000039
D,E01000040
D,E01000041
D,E01000042
D,E01000043
D,E01000044
D,E01000045
D,E01000046
E,E01000048
E,E01000049
D,E01000050
D,E01000051
D,E01000052
D,E01000053
D,E01000054
D,E01000055
D,E01000056
D,E01000057
D,E01000058
D,E01000059
D,E01000060
D,E01000061
D,E01000062
D,E01000063
D,E01000064
D,E01000065
D,E01000066
D,E01000067
D,E01000068
D,E01000069
D,E01000070
D,E01000071
D,E01000072
D,E01000073
D,E01000074
D,E01000075
D,E01000076
D,E01000077
D,E01000078
D,E01000079
D,E01000080
D,E01000081
D,E01000082
D,E01000083
D,E01000084
D,E01000085
D,E01000086
D,E01000087
D,E01000088
D,E01000089
D,E01000090
D,E01000091
B,E01000092
D,E01000093
C,E01000094
D,E01000095
D,E01000096
D,E01000097
D,E01000098
D,E01000099
D,E01000100
D,E01000101
D,E01000102
D,E01000103
C,E01000104
D,E01000105
D,E01000106
D,E01000107
D,E01000108
D,E01000109
D,E01000110
D,E01000111
D,E01000112
D,E01000113
D,E01000114
E,E01000115
D,E01000116
D,E01000117
D,E01000118
E,E01000119
E,E01000120
D,E01000121
E,E01000122
D,E01000123
D,E01000124
C,E01000125
C,E01000126
D,E01000127
D,E01000128
D,E01000129
D,E01000130
D,E01000131
D,E01000132
D,E01000133
D,E01000134
E,E01000135
D,E01000136
D,E01000137
E,E01000138
D,E01000139
D,E01000140
D,E01000141
C,E01000142
D,E01000143
D,E01000144
D,E01000145
D,E01000146
D,E01000147
B,E01000148
D,E01000150
C,E01000151
D,E01000152
D,E01000153
D,E01000154
B,E01000155
D,E01000156
D,E01000157
D,E01000158
E,E01000159
C,E01000160
C,E01000161
D,E01000162
C,E01000163
D,E01000164
C,E01000165
D,E01000166
D,E01000167
D,E01000168
D,E01000169
D,E01000170
D,E01000171
D,E01000172
D,E01000173
D,E01000174
D,E01000175
C,E01000176
D,E01000177
E,E01000178
D,E01000179
D,E01000180
D,E01000181
D,E01000182
D,E01000183
D,E01000184
D,E01000185
E,E01000186
D,E01000187
D,E01000188
B,E01000189
D,E01000190
D,E01000191
D,E01000192
D,E01000193
D,E01000194
D,E01000195
C,E01000196
D,E01000197
D,E01000198
D,E01000199
D,E01000200
E,E01000201
E,E01000202
D,E01000203
D,E01000204
E,E01000205
E,E01000206
E,E01000207
E,E01000208
E,E01000209
E,E01000210
D,E01000211
E,E01000212
E,E01000213
D,E01000214
D,E01000215
D,E01000216
D,E01000217
D,E01000218
D,E01000219
D,E01000220
D,E01000221
D,E01000222
D,E01000223
D,E01000224
E,E01000225
D,E01000226
D,E01000227
D,E01000228
D,E01000229
D,E01000230
D,E01000231
D,E01000232
D,E01000233
E,E01000234
D,E01000235
D,E01000236
D,E01000237
D,E01000238
C,E01000239
E,E01000240
D,E01000241
D,E01000242
D,E01000243
D,E01000244
D,E01000245
D,E01000246
D,E01000247
D,E01000248
E,E01000249
D,E01000250
D,E01000251
D,E01000252
D,E01000253
D,E01000254
D,E01000255
D,E01000256
D,E01000257
D,E01000258
D,E01000259
D,E01000260
D,E01000261
B,E01000262
E,E01000263
D,E01000264
D,E01000265
E,E01000266
D,E01000267
D,E01000268
D,E01000269
D,E01000270
E,E01000271
E,E01000272
D,E01000273
D,E01000274
D,E01000275
D,E01000276
D,E01000277
D,E01000278
D,E01000279
E,E01000280
D,E01000281
D,E01000282
E,E01000283
D,E01000284
D,E01000285
D,E01000286
D,E01000287
D,E01000288
D,E01000289
D,E01000290
D,E01000291
D,E01000292
E,E01000293
D,E01000294
D,E01000295
D,E01000296
D,E01000297
D,E01000298
D,E01000299
D,E01000300
D,E01000301
D,E01000302
D,E01000303
D,E01000304
D,E01000305
D,E01000306
D,E01000307
B,E01000308
D,E01000309
D,E01000310
E,E01000311
D,E01000312
D,E01000313
D,E01000314
D,E01000315
D,E01000316
D,E01000317
D,E01000318
D,E01000319
D,E01000320
D,E01000321
D,E01000322
D,E01000323
E,E01000324
D,E01000325
D,E01000326
D,E01000327
D,E01000328
D,E01000329
D,E01000330
D,E01000331
D,E01000332
D,E01000333
D,E01000334
C,E01000335
D,E01000336
D,E01000337
D,E01000338
D,E01000339
D,E01000340
D,E01000341
D,E01000342
D,E01000343
D,E01000344
D,E01000345
D,E01000346
D,E01000347
E,E01000348
E,E01000349
D,E01000350
D,E01000351
D,E01000352
D,E01000353
D,E01000354
D,E01000355
E,E01000356
D,E01000357
D,E01000358
D,E01000359
D,E01000360
D,E01000361
D,E01000362
E,E01000363
D,E01000364
D,E01000365
D,E01000366
D,E01000367
D,E01000368
D,E01000369
D,E01000370
D,E01000371
D,E01000372
D,E01000373
D,E01000374
D,E01000375
D,E01000376
D,E01000377
C,E01000378
D,E01000379
D,E01000380
D,E01000381
E,E01000382
D,E01000383
E,E01000384
D,E01000385
D,E01000386
D,E01000387
D,E01000388
D,E01000389
D,E01000390
D,E01000391
D,E01000392
D,E01000393
D,E01000394
E,E01000395
D,E01000396
D,E01000398
D,E01000399
D,E01000400
D,E01000401
D,E01000402
C,E01000403
C,E01000404
D,E01000405
D,E01000406
D,E01000407
D,E01000408
E,E01000409
D,E01000410
D,E01000411
D,E01000412
D,E01000413
E,E01000414
E,E01000415
D,E01000416
D,E01000417
D,E01000418
D,E01000419
D,E01000420
E,E01000421
D,E01000422
E,E01000423
E,E01000424
E,E01000425
D,E01000426
D,E01000427
D,E01000428
D,E01000429
D,E01000430
D,E01000431
D,E01000432
D,E01000433
C,E01000434
D,E01000435
D,E01000436
D,E01000437
D,E01000438
D,E01000439
D,E01000440
D,E01000441
D,E01000442
D,E01000443
D,E01000444
D,E01000445
D,E01000446
D,E01000447
E,E01000448
D,E01000449
D,E01000450
D,E01000451
D,E01000452
D,E01000453
D,E01000454
D,E01000455
D,E01000456
D,E01000457
E,E01000458
C,E01000459
D,E01000460
D,E01000461
D,E01000462
D,E01000463
D,E01000464
D,E01000465
D,E01000466
D,E01000467
C,E01000468
D,E01000469
D,E01000470
D,E01000471
D,E01000472
D,E01000473
D,E01000474
D,E01000475
D,E01000476
D,E01000477
D,E01000478
E,E01000479
E,E01000480
D,E01000481
C,E01000482
D,E01000483
C,E01000484
D,E01000485
D,E01000486
D,E01000487
D,E01000488
D,E01000489
D,E01000490
D,E01000491
D,E01000492
D,E01000493
C,E01000494
D,E01000495
D,E01000497
D,E01000498
D,E01000499
D,E01000501
D,E01000502
D,E01000503
D,E01000504
D,E01000505
D,E01000506
D,E01000507
D,E01000508
D,E01000509
D,E01000510
D,E01000511
D,E01000512
D,E01000513
D,E01000514
D,E01000515
D,E01000516
E,E01000517
D,E01000518
D,E01000519
D,E01000520
D,E01000521
D,E01000522
D,E01000523
D,E01000524
D,E01000525
C,E01000526
D,E01000527
C,E01000528
D,E01000530
D,E01000531
D,E01000532
D,E01000533
D,E01000534
D,E01000535
E,E01000536
E,E01000538
D,E01000539
E,E01000540
D,E01000541
D,E01000543
D,E01000544
D,E01000545
D,E01000546
D,E01000547
D,E01000548
D,E01000549
D,E01000550
C,E01000551
D,E01000552
D,E01000553
D,E01000554
D,E01000555
D,E01000556
D,E01000557
D,E01000558
D,E01000559
D,E01000560
D,E01000561
E,E01000562
E,E01000563
D,E01000564
D,E01000565
D,E01000566
D,E01000567
C,E01000568
E,E01000569
D,E01000570
E,E01000571
E,E01000572
D,E01000573
E,E01000574
D,E01000575
D,E01000576
D,E01000577
B,E01000578
D,E01000579
D,E01000580
D,E01000581
D,E01000582
D,E01000583
D,E01000584
D,E01000585
D,E01000586
D,E01000587
D,E01000588
D,E01000589
D,E01000590
D,E01000591
D,E01000592
D,E01000593
D,E01000594
D,E01000595
D,E01000596
C,E01000599
C,E01000600
D,E01000601
D,E01000602
D,E01000603
D,E01000604
D,E01000605
D,E01000606
D,E01000607
D,E01000608
D,E01000609
D,E01000610
D,E01000611
D,E01000612
D,E01000613
D,E01000615
D,E01000616
D,E01000617
D,E01000618
D,E01000619
E,E01000620
D,E01000621
D,E01000622
D,E01000623
E,E01000624
D,E01000625
C,E01000626
D,E01000627
D,E01000628
D,E01000629
C,E01000630
D,E01000631
D,E01000632
D,E01000633
D,E01000634
D,E01000635
D,E01000636
D,E01000637
D,E01000638
D,E01000639
D,E01000640
D,E01000641
D,E01000642
C,E01000643
D,E01000644
D,E01000645
C,E01000646
D,E01000647
D,E01000648
D,E01000649
D,E01000650
D,E01000651
D,E01000652
D,E01000653
D,E01000654
D,E01000655
D,E01000656
D,E01000657
D,E01000658
D,E01000659
B,E01000661
D,E01000662
D,E01000663
D,E01000664
D,E01000665
D,E01000666
D,E01000667
D,E01000668
E,E01000669
D,E01000670
D,E01000671
E,E01000672
E,E01000673
D,E01000674
D,E01000675
D,E01000676
D,E01000677
E,E01000678
E,E01000679
D,E01000680
D,E01000681
D,E01000682
D,E01000683
D,E01000684
D,E01000685
D,E01000686
D,E01000687
D,E01000688
D,E01000689
D,E01000690
D,E01000691
D,E01000692
D,E01000693
D,E01000694
D,E01000695
D,E01000696
D,E01000697
D,E01000698
D,E01000699
D,E01000700
D,E01000701
D,E01000702
E,E01000703
D,E01000704
D,E01000705
D,E01000706
D,E01000707
D,E01000708
D,E01000709
D,E01000710
D,E01000711
D,E01000712
D,E01000713
D,E01000714
D,E01000715
D,E01000716
D,E01000717
D,E01000718
D,E01000719
D,E01000720
C,E01000721
D,E01000722
D,E01000723
D,E01000724
D,E01000725
D,E01000726
D,E01000727
D,E01000728
D,E01000729
D,E01000730
D,E01000731
D,E01000732
D,E01000733
D,E01000734
D,E01000735
D,E01000736
D,E01000737
D,E01000738
D,E01000739
D,E01000740
D,E01000741
D,E01000742
D,E01000743
D,E01000744
D,E01000745
D,E01000746
D,E01000747
D,E01000748
D,E01000749
C,E01000750
D,E01000751
D,E01000752
D,E01000753
D,E01000754
D,E01000755
D,E01000756
D,E01000757
D,E01000758
D,E01000759
D,E01000760
E,E01000761
D,E01000762
D,E01000763
D,E01000764
D,E01000765
E,E01000766
D,E01000767
E,E01000768
D,E01000769
D,E01000770
E,E01000771
D,E01000772
D,E01000773
D,E01000774
D,E01000775
D,E01000777
D,E01000778
D,E01000779
D,E01000780
D,E01000781
D,E01000782
D,E01000783
D,E01000784
D,E01000785
D,E01000786
D,E01000787
D,E01000788
C,E01000789
D,E01000790
D,E01000791
D,E01000792
E,E01000793
E,E01000794
D,E01000795
C,E01000796
E,E01000797
D,E01000798
D,E01000799
D,E01000800
D,E01000801
D,E01000802
D,E01000803
E,E01000804
D,E01000805
D,E01000806
E,E01000807
D,E01000808
D,E01000809
E,E01000810
D,E01000811
D,E01000812
D,E01000813
E,E01000814
E,E01000815
D,E01000816
D,E01000818
D,E01000819
C,E01000820
D,E01000822
D,E01000823
D,E01000824
D,E01000825
E,E01000826
D,E01000827
D,E01000828
D,E01000829
E,E01000830
E,E01000831
E,E01000832
E,E01000833
E,E01000834
D,E01000835
E,E01000836
E,E01000837
D,E01000838
E,E01000839
E,E01000840
E,E01000841
D,E01000842
D,E01000843
D,E01000844
D,E01000845
C,E01000846
C,E01000847
D,E01000848
D,E01000849
D,E01000850
C,E01000851
D,E01000852
D,E01000853
D,E01000854
C,E01000855
D,E01000856
D,E01000857
D,E01000858
D,E01000859
D,E01000860
D,E01000861
D,E01000862
D,E01000863
D,E01000864
D,E01000865
D,E01000866
C,E01000867
D,E01000868
D,E01000869
D,E01000870
D,E01000871
D,E01000872
D,E01000873
D,E01000874
D,E01000875
D,E01000876
D,E01000877
C,E01000878
D,E01000879
D,E01000880
D,E01000881
D,E01000882
D,E01000883
D,E01000884
D,E01000885
D,E01000886
D,E01000887
D,E01000888
D,E01000889
C,E01000890
C,E01000891
D,E01000892
D,E01000893
D,E01000894
D,E01000895
D,E01000896
D,E01000897
D,E01000898
D,E01000899
D,E01000900
C,E01000901
D,E01000902
D,E01000903
D,E01000904
D,E01000905
D,E01000906
D,E01000907
D,E01000908
D,E01000909
D,E01000910
D,E01000911
D,E01000912
D,E01000913
D,E01000914
D,E01000915
D,E01000916
C,E01000917
D,E01000918
D,E01000919
D,E01000920
D,E01000921
C,E01000922
D,E01000923
D,E01000924
D,E01000925
D,E01000926
D,E01000927
D,E01000928
D,E01000929
D,E01000930
D,E01000931
D,E01000932
D,E01000933
D,E01000934
D,E01000935
D,E01000936
D,E01000937
D,E01000938
C,E01000939
C,E01000940
C,E01000941
C,E01000942
D,E01000943
C,E01000944
C,E01000945
D,E01000946
D,E01000947
D,E01000948
D,E01000949
D,E01000950
C,E01000951
D,E01000952
C,E01000953
D,E01000954
D,E01000955
D,E01000956
C,E01000957
C,E01000958
C,E01000959
D,E01000960
D,E01000961
D,E01000962
D,E01000963
D,E01000964
D,E01000965
D,E01000966
D,E01000967
D,E01000968
D,E01000969
D,E01000970
D,E01000971
D,E01000972
D,E01000973
D,E01000974
D,E01000975
D,E01000976
D,E01000977
D,E01000978
D,E01000979
D,E01000980
D,E01000981
D,E01000982
D,E01000983
D,E01000984
E,E01000985
E,E01000986
D,E01000987
E,E01000989
D,E01000990
E,E01000991
D,E01000992
D,E01000993
D,E01000994
D,E01000995
D,E01000996
D,E01000997
D,E01000998
D,E01000999
D,E01001000
D,E01001001
D,E01001002
D,E01001003
D,E01001004
D,E01001005
C,E01001006
D,E01001007
D,E01001008
D,E01001009
D,E01001010
D,E01001011
D,E01001012
D,E01001013
D,E01001014
D,E01001015
D,E01001016
D,E01001017
D,E01001018
D,E01001019
D,E01001020
D,E01001021
D,E01001022
D,E01001023
D,E01001024
D,E01001025
D,E01001026
D,E01001027
D,E01001028
E,E01001029
E,E01001030
D,E01001031
E,E01001032
D,E01001033
D,E01001034
D,E01001035
E,E01001036
D,E01001037
D,E01001038
D,E01001039
D,E01001040
D,E01001041
D,E01001042
D,E01001043
D,E01001044
B,E01001045
D,E01001046
D,E01001047
C,E01001048
E,E01001049
C,E01001050
D,E01001051
D,E01001052
D,E01001053
D,E01001054
D,E01001055
D,E01001056
D,E01001057
D,E01001058
D,E01001059
D,E01001060
D,E01001061
E,E01001062
E,E01001063
D,E01001064
D,E01001065
D,E01001066
E,E01001067
E,E01001068
D,E01001069
D,E01001070
E,E01001071
D,E01001072
E,E01001073
D,E01001074
D,E01001075
D,E01001076
D,E01001077
D,E01001078
D,E01001079
D,E01001080
D,E01001081
D,E01001082
D,E01001083
E,E01001084
D,E01001085
D,E01001086
C,E01001087
D,E01001088
D,E01001089
D,E01001090
E,E01001091
E,E01001092
D,E01001093
E,E01001094
D,E01001095
E,E01001096
C,E01001097
E,E01001098
D,E01001099
E,E01001100
D,E01001101
D,E01001102
D,E01001103
D,E01001104
D,E01001105
D,E01001106
D,E01001107
E,E01001108
D,E01001109
D,E01001110
D,E01001111
D,E01001112
D,E01001113
D,E01001114
D,E01001115
D,E01001116
B,E01001117
D,E01001118
D,E01001119
D,E01001120
D,E01001121
D,E01001122
D,E01001123
D,E01001124
D,E01001125
D,E01001126
E,E01001127
D,E01001128
E,E01001129
D,E01001130
D,E01001131
E,E01001132
D,E01001133
D,E01001134
E,E01001135
D,E01001136
D,E01001137
D,E01001138
D,E01001139
D,E01001140
D,E01001141
D,E01001142
D,E01001143
D,E01001144
D,E01001145
D,E01001146
D,E01001147
D,E01001148
D,E01001149
D,E01001150
D,E01001151
D,E01001152
D,E01001153
D,E01001154
D,E01001155
D,E01001156
D,E01001157
D,E01001158
D,E01001159
D,E01001160
D,E01001161
D,E01001162
D,E01001163
D,E01001164
D,E01001165
D,E01001166
D,E01001167
D,E01001168
D,E01001169
D,E01001170
D,E01001171
D,E01001172
D,E01001173
D,E01001174
D,E01001175
D,E01001176
D,E01001177
D,E01001178
D,E01001179
D,E01001180
D,E01001181
D,E01001182
D,E01001183
D,E01001184
D,E01001185
D,E01001186
D,E01001187
D,E01001188
D,E01001189
D,E01001190
D,E01001191
D,E01001192
C,E01001193
D,E01001194
D,E01001195
D,E01001196
D,E01001197
D,E01001198
D,E01001199
D,E01001200
D,E01001201
D,E01001202
D,E01001203
D,E01001204
D,E01001205
D,E01001206
D,E01001207
D,E01001208
D,E01001209
C,E01001210
D,E01001211
D,E01001212
D,E01001213
D,E01001214
D,E01001215
D,E01001216
D,E01001217
D,E01001218
D,E01001219
C,E01001220
D,E01001221
D,E01001222
D,E01001223
E,E01001224
D,E01001225
D,E01001226
D,E01001227
D,E01001228
D,E01001229
D,E01001230
E,E01001231
C,E01001232
D,E01001233
D,E01001234
D,E01001235
D,E01001236
D,E01001237
B,E01001238
C,E01001239
D,E01001240
D,E01001241
D,E01001242
C,E01001243
C,E01001244
D,E01001245
D,E01001246
D,E01001247
D,E01001248
C,E01001249
D,E01001250
D,E01001251
D,E01001252
D,E01001253
D,E01001254
D,E01001255
C,E01001257
D,E01001258
D,E01001259
D,E01001260
D,E01001261
D,E01001262
D,E01001263
D,E01001264
D,E01001265
D,E01001266
D,E01001267
D,E01001268
D,E01001269
D,E01001270
D,E01001271
D,E01001272
D,E01001273
D,E01001274
D,E01001275
D,E01001276
D,E01001277
D,E01001278
D,E01001279
D,E01001280
E,E01001281
D,E01001282
D,E01001283
D,E01001284
D,E01001285
D,E01001286
D,E01001287
D,E01001288
D,E01001289
D,E01001290
D,E01001291
D,E01001292
D,E01001293
D,E01001294
D,E01001295
D,E01001296
D,E01001297
D,E01001298
D,E01001299
D,E01001300
D,E01001301
D,E01001302
D,E01001303
D,E01001304
D,E01001305
D,E01001306
D,E01001307
D,E01001308
D,E01001309
D,E01001310
D,E01001311
D,E01001312
D,E01001313
D,E01001314
D,E01001315
C,E01001316
D,E01001317
C,E01001318
D,E01001319
C,E01001320
D,E01001321
D,E01001322
D,E01001323
D,E01001324
D,E01001325
D,E01001326
D,E01001327
C,E01001328
D,E01001329
D,E01001330
D,E01001331
C,E01001332
D,E01001333
D,E01001334
D,E01001335
D,E01001336
D,E01001337
D,E01001338
C,E01001339
C,E01001340
D,E01001341
D,E01001342
D,E01001343
D,E01001344
D,E01001345
D,E01001346
D,E01001347
D,E01001348
D,E01001349
D,E01001350
D,E01001351
D,E01001352
D,E01001353
D,E01001354
D,E01001355
C,E01001356
B,E01001357
C,E01001358
D,E01001359
D,E01001360
D,E01001361
D,E01001362
D,E01001363
D,E01001364
D,E01001365
D,E01001366
D,E01001367
D,E01001368
D,E01001369
D,E01001370
D,E01001371
D,E01001372
D,E01001373
D,E01001374
D,E01001375
D,E01001376
E,E01001377
D,E01001379
D,E01001380
D,E01001381
D,E01001382
D,E01001383
D,E01001384
D,E01001385
D,E01001386
D,E01001387
D,E01001388
D,E01001389
D,E01001390
D,E01001391
D,E01001392
D,E01001393
D,E01001394
D,E01001395
D,E01001396
D,E01001397
E,E01001398
E,E01001399
E,E01001400
D,E01001401
D,E01001402
D,E01001403
D,E01001404
D,E01001405
D,E01001406
D,E01001407
D,E01001408
D,E01001409
D,E01001410
D,E01001411
D,E01001412
E,E01001413
D,E01001414
D,E01001415
E,E01001416
D,E01001417
D,E01001418
D,E01001419
D,E01001420
D,E01001421
D,E01001422
D,E01001423
C,E01001424
D,E01001425
D,E01001426
C,E01001427
D,E01001428
D,E01001429
D,E01001430
D,E01001431
D,E01001432
D,E01001433
D,E01001434
D,E01001435
D,E01001436
D,E01001437
D,E01001438
D,E01001439
D,E01001440
D,E01001441
D,E01001442
D,E01001444
B,E01001445
D,E01001446
D,E01001447
D,E01001448
D,E01001449
D,E01001450
E,E01001451
E,E01001452
D,E01001453
E,E01001454
E,E01001455
E,E01001456
C,E01001457
D,E01001458
D,E01001459
D,E01001460
D,E01001461
D,E01001462
D,E01001463
D,E01001464
D,E01001465
D,E01001466
D,E01001467
D,E01001468
D,E01001469
E,E01001470
D,E01001471
D,E01001472
D,E01001473
D,E01001474
D,E01001475
D,E01001476
D,E01001477
D,E01001478
D,E01001479
D,E01001480
D,E01001481
D,E01001482
D,E01001483
D,E01001484
D,E01001485
D,E01001486
D,E01001487
D,E01001488
D,E01001489
D,E01001491
D,E01001492
D,E01001493
D,E01001494
D,E01001495
D,E01001496
D,E01001497
D,E01001498
D,E01001499
D,E01001500
D,E01001501
D,E01001502
D,E01001503
D,E01001504
D,E01001505
D,E01001506
D,E01001507
D,E01001508
D,E01001509
C,E01001510
D,E01001511
D,E01001512
D,E01001513
D,E01001514
D,E01001515
D,E01001516
C,E01001517
D,E01001518
D,E01001519
D,E01001520
E,E01001521
C,E01001522
D,E01001523
E,E01001524
D,E01001525
D,E01001526
E,E01001527
D,E01001528
D,E01001529
D,E01001530
E,E01001531
E,E01001532
E,E01001533
D,E01001534
E,E01001535
D,E01001536
D,E01001537
E,E01001538
D,E01001539
D,E01001540
D,E01001541
D,E01001542
E,E01001543
E,E01001544
D,E01001545
D,E01001546
D,E01001547
D,E01001548
D,E01001549
D,E01001550
D,E01001551
E,E01001552
D,E01001553
C,E01001554
D,E01001555
D,E01001556
D,E01001557
D,E01001558
D,E01001559
D,E01001560
D,E01001562
D,E01001563
D,E01001564
D,E01001565
E,E01001566
E,E01001567
E,E01001568
D,E01001569
D,E01001570
D,E01001571
D,E01001572
D,E01001573
D,E01001574
D,E01001575
D,E01001576
D,E01001577
D,E01001578
D,E01001579
D,E01001580
D,E01001581
D,E01001582
D,E01001583
D,E01001584
D,E01001585
D,E01001586
D,E01001587
D,E01001588
D,E01001589
D,E01001590
C,E01001591
D,E01001592
D,E01001593
C,E01001594
D,E01001595
E,E01001596
E,E01001597
D,E01001598
D,E01001599
E,E01001600
E,E01001601
D,E01001602
C,E01001603
D,E01001604
E,E01001605
D,E01001606
D,E01001607
E,E01001608
E,E01001609
D,E01001610
D,E01001611
D,E01001613
E,E01001614
D,E01001615
D,E01001617
D,E01001618
D,E01001619
D,E01001620
D,E01001621
D,E01001623
D,E01001624
D,E01001625
C,E01001629
C,E01001631
D,E01001632
C,E01001633
C,E01001634
D,E01001635
D,E01001636
D,E01001637
C,E01001638
C,E01001640
D,E01001641
D,E01001642
D,E01001644
D,E01001645
C,E01001646
D,E01001647
D,E01001648
D,E01001649
D,E01001650
D,E01001651
D,E01001652
C,E01001653
D,E01001654
C,E01001655
D,E01001656
D,E01001657
D,E01001658
E,E01001659
D,E01001660
D,E01001661
B,E01001662
D,E01001664
D,E01001665
D,E01001666
D,E01001667
B,E01001668
D,E01001669
D,E01001671
D,E01001672
D,E01001673
D,E01001674
D,E01001675
D,E01001676
D,E01001677
D,E01001678
D,E01001679
E,E01001680
D,E01001681
D,E01001682
D,E01001683
D,E01001684
D,E01001685
D,E01001686
C,E01001687
C,E01001688
C,E01001690
C,E01001692
C,E01001693
C,E01001694
C,E01001695
C,E01001696
D,E01001697
D,E01001698
D,E01001699
D,E01001700
C,E01001701
D,E01001702
C,E01001703
D,E01001704
C,E01001705
C,E01001706
D,E01001708
D,E01001709
C,E01001710
C,E01001711
C,E01001712
C,E01001713
C,E01001714
D,E01001715
C,E01001716
C,E01001717
D,E01001718
C,E01001719
D,E01001720
D,E01001722
D,E01001723
D,E01001724
D,E01001725
D,E01001726
D,E01001727
D,E01001728
D,E01001729
C,E01001730
D,E01001731
C,E01001732
D,E01001733
D,E01001734
C,E01001735
D,E01001736
D,E01001737
D,E01001738
D,E01001739
D,E01001740
D,E01001741
D,E01001742
D,E01001744
D,E01001745
C,E01001746
D,E01001747
D,E01001748
D,E01001749
D,E01001750
D,E01001751
C,E01001752
C,E01001753
C,E01001754
D,E01001755
D,E01001756
D,E01001757
D,E01001758
D,E01001759
D,E01001760
C,E01001761
D,E01001762
D,E01001763
D,E01001764
C,E01001765
D,E01001767
D,E01001768
D,E01001769
D,E01001770
B,E01001772
C,E01001773
D,E01001774
D,E01001775
D,E01001776
D,E01001777
B,E01001779
C,E01001780
D,E01001781
D,E01001782
D,E01001783
D,E01001784
D,E01001785
C,E01001786
C,E01001787
C,E01001788
D,E01001789
C,E01001790
D,E01001791
D,E01001792
D,E01001793
D,E01001794
D,E01001795
D,E01001796
D,E01001798
D,E01001799
D,E01001800
D,E01001801
D,E01001802
D,E01001803
D,E01001804
D,E01001805
D,E01001806
D,E01001807
D,E01001808
D,E01001809
D,E01001811
D,E01001812
D,E01001813
D,E01001814
D,E01001815
D,E01001816
D,E01001819
D,E01001820
D,E01001821
D,E01001822
C,E01001823
D,E01001824
D,E01001825
D,E01001826
D,E01001827
D,E01001828
D,E01001829
D,E01001830
D,E01001831
D,E01001832
D,E01001833
D,E01001834
D,E01001835
D,E01001836
D,E01001837
D,E01001838
D,E01001839
D,E01001840
D,E01001841
D,E01001842
C,E01001843
D,E01001844
D,E01001845
C,E01001846
D,E01001847
D,E01001848
C,E01001849
D,E01001850
D,E01001851
D,E01001852
D,E01001853
D,E01001854
D,E01001855
D,E01001856
C,E01001857
D,E01001858
D,E01001859
D,E01001860
D,E01001861
D,E01001862
D,E01001863
D,E01001864
D,E01001865
D,E01001866
D,E01001867
D,E01001868
C,E01001869
D,E01001870
D,E01001871
D,E01001872
D,E01001873
D,E01001874
D,E01001875
B,E01001876
D,E01001877
D,E01001878
D,E01001879
C,E01001880
D,E01001881
D,E01001882
D,E01001883
D,E01001884
C,E01001885
D,E01001886
D,E01001887
D,E01001888
D,E01001889
D,E01001890
D,E01001891
D,E01001892
D,E01001893
D,E01001894
D,E01001895
D,E01001896
D,E01001897
D,E01001898
C,E01001899
D,E01001900
D,E01001901
D,E01001902
D,E01001903
D,E01001904
D,E01001905
D,E01001906
D,E01001907
D,E01001908
D,E01001909
D,E01001910
C,E01001911
C,E01001912
D,E01001913
D,E01001914
D,E01001915
D,E01001916
D,E01001917
D,E01001918
D,E01001919
D,E01001920
D,E01001921
D,E01001922
D,E01001923
D,E01001924
D,E01001925
D,E01001926
E,E01001927
C,E01001928
D,E01001929
C,E01001930
D,E01001931
D,E01001932
D,E01001933
C,E01001934
D,E01001935
D,E01001937
D,E01001938
C,E01001939
D,E01001940
D,E01001941
D,E01001942
D,E01001943
C,E01001944
D,E01001945
D,E01001946
D,E01001947
D,E01001948
D,E01001949
D,E01001950
D,E01001951
D,E01001952
D,E01001953
D,E01001954
D,E01001955
D,E01001956
D,E01001957
D,E01001958
D,E01001959
D,E01001960
D,E01001961
D,E01001962
D,E01001963
D,E01001964
D,E01001965
E,E01001966
E,E01001967
E,E01001968
D,E01001969
D,E01001970
D,E01001971
C,E01001972
E,E01001973
D,E01001974
D,E01001975
D,E01001976
D,E01001977
D,E01001978
D,E01001979
D,E01001980
D,E01001981
D,E01001982
D,E01001983
C,E01001984
D,E01001985
D,E01001986
D,E01001987
D,E01001988
E,E01001989
D,E01001990
E,E01001991
E,E01001992
E,E01001993
D,E01001994
C,E01001995
D,E01001996
D,E01001997
D,E01001998
D,E01001999
D,E01002000
D,E01002001
D,E01002002
D,E01002003
D,E01002004
D,E01002005
D,E01002006
D,E01002007
D,E01002008
D,E01002009
D,E01002010
D,E01002011
D,E01002013
D,E01002014
C,E01002015
D,E01002016
D,E01002017
D,E01002018
E,E01002019
D,E01002020
E,E01002021
D,E01002022
D,E01002023
D,E01002024
E,E01002025
D,E01002026
D,E01002027
D,E01002028
D,E01002029
D,E01002030
D,E01002031
D,E01002032
D,E01002033
D,E01002034
D,E01002036
D,E01002037
D,E01002038
C,E01002039
D,E01002040
D,E01002041
D,E01002042
D,E01002043
D,E01002044
C,E01002045
D,E01002046
D,E01002047
D,E01002048
D,E01002049
D,E01002050
D,E01002051
D,E01002052
D,E01002053
D,E01002054
D,E01002055
D,E01002056
D,E01002057
D,E01002058
D,E01002059
D,E01002060
E,E01002061
D,E01002062
D,E01002063
D,E01002064
D,E01002065
D,E01002066
D,E01002067
D,E01002068
D,E01002069
D,E01002070
D,E01002071
D,E01002072
D,E01002073
D,E01002074
D,E01002075
D,E01002076
D,E01002077
C,E01002078
D,E01002079
B,E01002080
D,E01002081
C,E01002082
D,E01002083
D,E01002084
D,E01002085
D,E01002086
D,E01002087
D,E01002088
C,E01002089
D,E01002090
D,E01002091
D,E01002092
D,E01002093
D,E01002094
D,E01002095
D,E01002096
D,E01002097
D,E01002098
C,E01002099
D,E01002100
D,E01002101
D,E01002102
D,E01002103
D,E01002104
D,E01002105
E,E01002106
D,E01002107
D,E01002108
D,E01002109
D,E01002110
D,E01002111
D,E01002112
E,E01002113
C,E01002114
D,E01002115
D,E01002116
B,E01002117
D,E01002118
D,E01002119
D,E01002120
D,E01002121
D,E01002122
D,E01002123
D,E01002124
D,E01002125
C,E01002126
E,E01002127
D,E01002128
D,E01002129
D,E01002130
D,E01002131
D,E01002132
D,E01002133
D,E01002134
D,E01002135
D,E01002136
D,E01002137
D,E01002138
D,E01002139
D,E01002140
D,E01002141
D,E01002142
D,E01002143
D,E01002144
D,E01002145
E,E01002146
D,E01002147
D,E01002148
E,E01002149
D,E01002150
D,E01002151
E,E01002152
E,E01002153
D,E01002154
D,E01002155
E,E01002156
D,E01002157
E,E01002158
D,E01002159
D,E01002160
D,E01002161
D,E01002162
E,E01002163
D,E01002164
D,E01002165
D,E01002166
D,E01002167
D,E01002168
D,E01002169
D,E01002170
D,E01002171
D,E01002172
D,E01002173
D,E01002174
D,E01002175
D,E01002176
E,E01002177
E,E01002178
D,E01002179
D,E01002180
D,E01002181
D,E01002182
D,E01002183
D,E01002184
D,E01002185
D,E01002186
D,E01002187
E,E01002188
D,E01002189
E,E01002190
E,E01002191
E,E01002192
D,E01002193
E,E01002194
E,E01002195
E,E01002196
D,E01002197
D,E01002198
D,E01002199
D,E01002200
D,E01002201
D,E01002202
D,E01002203
D,E01002204
D,E01002206
D,E01002207
E,E01002208
D,E01002209
D,E01002210
D,E01002211
D,E01002212
C,E01002213
D,E01002214
D,E01002215
D,E01002216
B,E01002217
D,E01002218
D,E01002219
D,E01002220
D,E01002221
D,E01002222
D,E01002223
D,E01002224
D,E01002225
D,E01002226
D,E01002227
C,E01002228
D,E01002229
D,E01002230
D,E01002231
D,E01002232
D,E01002233
D,E01002234
D,E01002235
D,E01002236
D,E01002237
D,E01002238
D,E01002239
D,E01002240
D,E01002241
E,E01002242
C,E01002243
D,E01002244
E,E01002245
E,E01002246
D,E01002247
D,E01002248
B,E01002249
D,E01002250
D,E01002251
D,E01002252
E,E01002253
D,E01002254
D,E01002255
D,E01002256
E,E01002257
D,E01002258
D,E01002259
D,E01002260
D,E01002261
D,E01002262
D,E01002263
D,E01002264
D,E01002265
D,E01002266
D,E01002267
D,E01002268
D,E01002269
D,E01002270
D,E01002271
D,E01002272
D,E01002273
D,E01002274
D,E01002275
D,E01002276
D,E01002277
D,E01002278
D,E01002279
D,E01002280
D,E01002281
D,E01002282
D,E01002283
D,E01002284
D,E01002285
D,E01002286
D,E01002287
D,E01002288
D,E01002289
E,E01002290
D,E01002291
D,E01002292
D,E01002293
E,E01002294
D,E01002295
D,E01002296
D,E01002297
D,E01002298
D,E01002299
D,E01002300
E,E01002301
E,E01002302
D,E01002303
D,E01002304
D,E01002305
D,E01002306
D,E01002307
D,E01002308
D,E01002309
D,E01002310
D,E01002311
D,E01002312
D,E01002313
D,E01002314
D,E01002315
D,E01002316
D,E01002317
D,E01002318
D,E01002319
D,E01002320
D,E01002321
D,E01002322
D,E01002323
D,E01002324
D,E01002325
D,E01002326
D,E01002327
D,E01002328
D,E01002329
D,E01002330
D,E01002331
D,E01002332
D,E01002333
E,E01002334
D,E01002335
D,E01002336
E,E01002337
D,E01002338
D,E01002339
D,E01002340
E,E01002341
D,E01002342
D,E01002343
D,E01002344
D,E01002345
D,E01002346
D,E01002347
D,E01002348
D,E01002349
D,E01002350
E,E01002351
D,E01002352
E,E01002353
E,E01002354
D,E01002355
D,E01002356
D,E01002358
E,E01002359
D,E01002360
D,E01002361
D,E01002362
D,E01002363
D,E01002364
E,E01002365
D,E01002366
E,E01002367
B,E01002368
D,E01002369
D,E01002370
D,E01002371
D,E01002372
D,E01002373
D,E01002374
D,E01002375
E,E01002376
D,E01002377
D,E01002378
E,E01002379
D,E01002380
D,E01002381
E,E01002382
E,E01002383
D,E01002384
D,E01002385
D,E01002386
E,E01002387
E,E01002388
E,E01002389
E,E01002390
D,E01002391
D,E01002392
D,E01002393
D,E01002394
D,E01002395
D,E01002396
D,E01002397
D,E01002398
D,E01002399
D,E01002400
D,E01002401
D,E01002402
D,E01002403
D,E01002404
D,E01002405
D,E01002406
D,E01002407
D,E01002408
D,E01002409
D,E01002410
D,E01002411
C,E01002412
D,E01002413
C,E01002414
D,E01002415
D,E01002416
D,E01002417
D,E01002418
D,E01002419
D,E01002420
D,E01002421
D,E01002422
D,E01002423
D,E01002424
D,E01002425
D,E01002426
D,E01002427
D,E01002428
D,E01002429
D,E01002430
D,E01002431
E,E01002432
B,E01002433
E,E01002434
E,E01002435
D,E01002436
E,E01002437
D,E01002438
D,E01002439
D,E01002440
D,E01002441
D,E01002442
D,E01002443
D,E01002444
D,E01002445
D,E01002446
D,E01002447
D,E01002448
D,E01002449
D,E01002450
D,E01002451
E,E01002452
D,E01002453
D,E01002454
D,E01002455
D,E01002456
D,E01002457
D,E01002458
D,E01002459
D,E01002460
D,E01002461
D,E01002462
D,E01002463
D,E01002464
D,E01002465
D,E01002466
D,E01002467
D,E01002468
D,E01002469
D,E01002470
D,E01002471
D,E01002472
D,E01002473
D,E01002474
D,E01002475
D,E01002476
D,E01002477
D,E01002478
D,E01002479
D,E01002480
D,E01002481
E,E01002482
D,E01002483
D,E01002484
D,E01002485
D,E01002486
D,E01002487
D,E01002488
D,E01002489
D,E01002490
D,E01002491
D,E01002492
D,E01002493
D,E01002494
D,E01002495
D,E01002496
D,E01002497
D,E01002498
D,E01002499
D,E01002501
D,E01002502
D,E01002503
D,E01002504
D,E01002505
D,E01002506
D,E01002507
D,E01002508
D,E01002509
D,E01002511
D,E01002512
D,E01002513
D,E01002514
D,E01002515
D,E01002516
D,E01002518
C,E01002519
D,E01002520
C,E01002521
E,E01002523
D,E01002525
D,E01002526
D,E01002527
D,E01002528
D,E01002529
D,E01002530
D,E01002531
C,E01002532
D,E01002533
D,E01002534
D,E01002535
D,E01002536
D,E01002537
D,E01002538
E,E01002539
D,E01002540
D,E01002541
D,E01002542
D,E01002543
D,E01002544
D,E01002545
D,E01002546
D,E01002547
D,E01002548
D,E01002549
D,E01002550
D,E01002551
D,E01002552
D,E01002553
D,E01002554
D,E01002555
D,E01002556
D,E01002557
D,E01002558
D,E01002559
D,E01002560
D,E01002561
D,E01002562
D,E01002563
D,E01002564
D,E01002565
C,E01002566
D,E01002567
C,E01002568
D,E01002569
D,E01002570
C,E01002571
D,E01002572
E,E01002573
D,E01002574
D,E01002575
D,E01002576
D,E01002577
D,E01002578
D,E01002579
D,E01002580
D,E01002581
D,E01002582
D,E01002583
D,E01002584
D,E01002585
D,E01002586
D,E01002587
D,E01002588
D,E01002589
D,E01002590
D,E01002591
D,E01002592
D,E01002593
D,E01002594
D,E01002595
D,E01002596
D,E01002598
D,E01002599
D,E01002600
D,E01002601
D,E01002602
D,E01002603
D,E01002604
D,E01002605
C,E01002606
D,E01002607
D,E01002608
D,E01002609
D,E01002610
D,E01002611
C,E01002612
D,E01002613
D,E01002614
D,E01002615
D,E01002616
D,E01002617
D,E01002618
D,E01002619
D,E01002620
D,E01002621
D,E01002622
D,E01002623
D,E01002624
D,E01002625
D,E01002626
C,E01002627
D,E01002628
D,E01002629
D,E01002630
D,E01002631
D,E01002632
D,E01002633
D,E01002634
D,E01002635
D,E01002636
D,E01002637
D,E01002638
D,E01002639
D,E01002640
D,E01002641
D,E01002642
C,E01002643
D,E01002645
C,E01002646
D,E01002647
D,E01002648
D,E01002649
D,E01002650
D,E01002651
D,E01002652
D,E01002653
D,E01002654
D,E01002655
D,E01002656
D,E01002657
D,E01002658
D,E01002659
D,E01002660
D,E01002661
D,E01002662
D,E01002663
C,E01002664
D,E01002665
D,E01002666
D,E01002667
C,E01002668
D,E01002669
D,E01002670
D,E01002671
C,E01002672
C,E01002673
D,E01002674
B,E01002675
D,E01002676
D,E01002677
D,E01002678
D,E01002679
D,E01002680
C,E01002681
D,E01002682
D,E01002683
C,E01002684
D,E01002686
D,E01002687
D,E01002689
E,E01002690
D,E01002691
D,E01002692
D,E01002693
D,E01002694
C,E01002695
D,E01002696
C,E01002697
D,E01002698
D,E01002699
D,E01002700
C,E01002701
C,E01002702
C,E01002703
D,E01002704
C,E01002706
C,E01002707
C,E01002708
C,E01002709
D,E01002710
C,E01002711
D,E01002712
D,E01002713
D,E01002714
D,E01002715
C,E01002716
C,E01002717
D,E01002718
D,E01002719
C,E01002720
D,E01002721
D,E01002722
D,E01002723
C,E01002724
D,E01002725
D,E01002726
D,E01002727
D,E01002728
D,E01002729
D,E01002730
D,E01002731
D,E01002732
D,E01002733
C,E01002734
D,E01002735
C,E01002736
D,E01002737
D,E01002738
D,E01002739
D,E01002740
D,E01002741
D,E01002742
D,E01002743
D,E01002744
D,E01002745
D,E01002747
C,E01002748
D,E01002749
D,E01002751
D,E01002752
D,E01002753
D,E01002754
D,E01002755
D,E01002756
D,E01002757
C,E01002758
D,E01002759
C,E01002760
D,E01002762
D,E01002763
D,E01002764
C,E01002765
B,E01002766
D,E01002767
D,E01002768
D,E01002769
D,E01002770
D,E01002771
D,E01002772
C,E01002773
D,E01002774
D,E01002775
D,E01002776
D,E01002777
C,E01002778
D,E01002779
D,E01002780
D,E01002781
D,E01002782
D,E01002783
D,E01002784
D,E01002785
D,E01002786
D,E01002787
D,E01002788
D,E01002789
D,E01002790
D,E01002791
D,E01002792
D,E01002793
D,E01002794
D,E01002795
D,E01002796
C,E01002797
D,E01002798
D,E01002799
C,E01002800
D,E01002801
D,E01002802
C,E01002803
C,E01002804
D,E01002805
D,E01002806
D,E01002807
D,E01002808
D,E01002809
D,E01002810
D,E01002811
D,E01002812
D,E01002813
C,E01002814
D,E01002815
D,E01002816
D,E01002817
D,E01002818
D,E01002819
D,E01002820
D,E01002821
D,E01002822
D,E01002823
D,E01002824
D,E01002825
D,E01002826
D,E01002827
D,E01002828
D,E01002829
D,E01002830
D,E01002831
D,E01002832
D,E01002833
D,E01002834
D,E01002835
D,E01002836
D,E01002837
D,E01002838
D,E01002839
C,E01002840
D,E01002841
C,E01002842
C,E01002843
D,E01002844
D,E01002845
D,E01002846
D,E01002847
D,E01002848
D,E01002849
D,E01002850
D,E01002851
C,E01002852
C,E01002853
D,E01002854
C,E01002855
D,E01002856
C,E01002857
D,E01002858
D,E01002859
D,E01002860
D,E01002861
C,E01002862
D,E01002863
D,E01002864
D,E01002865
D,E01002866
D,E01002867
D,E01002868
D,E01002869
D,E01002870
D,E01002871
D,E01002872
D,E01002873
D,E01002874
D,E01002875
D,E01002876
C,E01002877
D,E01002878
C,E01002879
C,E01002880
D,E01002881
D,E01002882
D,E01002883
D,E01002884
D,E01002885
D,E01002886
D,E01002887
D,E01002888
D,E01002889
D,E01002890
D,E01002891
D,E01002892
D,E01002893
D,E01002894
D,E01002895
D,E01002896
D,E01002897
D,E01002898
D,E01002899
D,E01002900
D,E01002901
D,E01002902
D,E01002903
C,E01002904
D,E01002905
D,E01002906
C,E01002907
D,E01002908
D,E01002909
D,E01002910
D,E01002911
D,E01002912
D,E01002913
D,E01002914
E,E01002915
E,E01002916
E,E01002917
D,E01002918
D,E01002919
E,E01002920
D,E01002921
D,E01002922
D,E01002923
E,E01002924
D,E01002925
E,E01002926
D,E01002927
D,E01002928
E,E01002929
D,E01002930
D,E01002931
C,E01002932
D,E01002933
D,E01002934
D,E01002935
D,E01002937
D,E01002938
D,E01002939
D,E01002940
D,E01002941
D,E01002942
D,E01002943
D,E01002944
D,E01002945
D,E01002946
D,E01002947
D,E01002948
D,E01002949
D,E01002950
D,E01002951
D,E01002952
D,E01002953
C,E01002954
D,E01002955
C,E01002956
D,E01002957
D,E01002958
E,E01002959
E,E01002960
E,E01002961
D,E01002962
D,E01002963
C,E01002964
D,E01002965
E,E01002966
D,E01002967
C,E01002968
D,E01002969
D,E01002970
D,E01002971
D,E01002972
D,E01002973
D,E01002974
E,E01002975
D,E01002976
D,E01002977
D,E01002978
D,E01002979
E,E01002980
E,E01002981
E,E01002982
E,E01002983
D,E01002984
D,E01002985
E,E01002986
D,E01002987
D,E01002988
D,E01002989
D,E01002990
D,E01002991
D,E01002992
D,E01002993
D,E01002994
E,E01002995
E,E01002996
E,E01002997
D,E01002998
D,E01002999
D,E01003000
E,E01003001
D,E01003002
E,E01003003
D,E01003004
D,E01003005
D,E01003006
D,E01003007
D,E01003008
D,E01003009
D,E01003010
D,E01003011
C,E01003013
D,E01003014
D,E01003015
C,E01003016
D,E01003017
D,E01003018
D,E01003019
D,E01003020
D,E01003021
D,E01003022
D,E01003023
C,E01003024
D,E01003025
D,E01003026
D,E01003027
D,E01003028
D,E01003029
D,E01003030
D,E01003031
D,E01003032
D,E01003033
D,E01003034
D,E01003035
D,E01003036
D,E01003037
D,E01003038
D,E01003039
D,E01003040
D,E01003041
D,E01003042
D,E01003043
B,E01003044
C,E01003045
C,E01003046
D,E01003047
C,E01003048
D,E01003049
D,E01003050
D,E01003051
C,E01003052
D,E01003053
D,E01003054
D,E01003055
D,E01003056
D,E01003057
D,E01003058
B,E01003059
D,E01003060
D,E01003061
D,E01003062
D,E01003063
D,E01003064
D,E01003065
D,E01003066
D,E01003067
D,E01003068
D,E01003069
D,E01003070
D,E01003071
D,E01003072
D,E01003073
D,E01003074
D,E01003075
D,E01003076
D,E01003077
D,E01003078
D,E01003079
D,E01003080
D,E01003081
D,E01003082
D,E01003083
D,E01003084
E,E01003085
D,E01003086
D,E01003087
D,E01003088
D,E01003089
D,E01003090
D,E01003091
D,E01003092
D,E01003093
D,E01003094
D,E01003095
D,E01003096
D,E01003097
D,E01003098
D,E01003099
D,E01003100
D,E01003101
D,E01003102
D,E01003104
D,E01003105
D,E01003106
D,E01003107
D,E01003108
D,E01003109
D,E01003110
C,E01003111
C,E01003112
D,E01003113
D,E01003114
D,E01003115
D,E01003116
D,E01003117
D,E01003118
D,E01003119
D,E01003120
D,E01003121
D,E01003122
D,E01003123
D,E01003124
D,E01003125
D,E01003126
D,E01003127
D,E01003128
D,E01003129
D,E01003130
D,E01003131
D,E01003132
D,E01003133
D,E01003134
D,E01003135
D,E01003136
D,E01003137
D,E01003138
D,E01003139
D,E01003140
D,E01003141
D,E01003142
D,E01003143
E,E01003144
D,E01003145
D,E01003146
D,E01003147
D,E01003148
D,E01003149
D,E01003150
D,E01003151
D,E01003152
D,E01003153
D,E01003154
D,E01003155
D,E01003156
D,E01003157
D,E01003158
D,E01003159
D,E01003160
D,E01003161
D,E01003162
D,E01003163
D,E01003164
D,E01003165
D,E01003166
E,E01003167
C,E01003168
D,E01003169
D,E01003170
D,E01003171
C,E01003172
D,E01003173
D,E01003174
C,E01003175
D,E01003176
D,E01003177
D,E01003178
D,E01003179
D,E01003180
D,E01003181
D,E01003182
D,E01003183
D,E01003184
D,E01003185
D,E01003186
B,E01003187
D,E01003188
D,E01003189
C,E01003190
D,E01003191
D,E01003192
D,E01003193
D,E01003194
D,E01003195
D,E01003196
D,E01003197
D,E01003198
D,E01003199
D,E01003200
D,E01003201
D,E01003202
D,E01003203
D,E01003204
B,E01003205
D,E01003206
C,E01003207
D,E01003209
D,E01003210
D,E01003211
D,E01003212
D,E01003213
D,E01003214
D,E01003215
D,E01003216
D,E01003217
D,E01003218
D,E01003219
D,E01003220
D,E01003221
D,E01003222
E,E01003223
D,E01003224
D,E01003225
D,E01003226
D,E01003227
D,E01003228
D,E01003229
D,E01003230
D,E01003231
D,E01003232
D,E01003233
D,E01003235
D,E01003236
D,E01003237
D,E01003238
D,E01003239
D,E01003240
D,E01003241
D,E01003243
C,E01003244
C,E01003245
D,E01003246
D,E01003247
D,E01003248
C,E01003249
C,E01003250
D,E01003251
D,E01003252
D,E01003253
D,E01003254
D,E01003255
D,E01003256
D,E01003257
D,E01003258
D,E01003259
D,E01003260
D,E01003261
D,E01003262
C,E01003263
C,E01003264
D,E01003265
D,E01003266
D,E01003267
D,E01003268
C,E01003269
D,E01003270
E,E01003271
D,E01003272
D,E01003273
D,E01003274
C,E01003275
D,E01003276
D,E01003277
D,E01003278
D,E01003279
C,E01003280
E,E01003281
D,E01003282
D,E01003283
D,E01003284
D,E01003285
C,E01003286
D,E01003287
D,E01003288
D,E01003290
C,E01003291
D,E01003292
D,E01003293
D,E01003295
B,E01003296
D,E01003297
C,E01003298
D,E01003299
D,E01003300
D,E01003301
C,E01003302
D,E01003303
D,E01003304
B,E01003305
D,E01003307
D,E01003308
D,E01003309
D,E01003310
D,E01003311
D,E01003312
C,E01003313
D,E01003314
D,E01003315
D,E01003316
D,E01003317
D,E01003318
D,E01003319
D,E01003320
D,E01003321
D,E01003322
D,E01003323
D,E01003324
D,E01003325
D,E01003326
D,E01003327
D,E01003328
D,E01003329
C,E01003330
D,E01003331
C,E01003332
D,E01003333
D,E01003334
D,E01003335
D,E01003336
D,E01003337
C,E01003338
D,E01003339
D,E01003340
D,E01003341
D,E01003342
D,E01003343
D,E01003344
D,E01003345
D,E01003346
D,E01003347
D,E01003348
D,E01003349
D,E01003350
D,E01003351
D,E01003352
D,E01003353
D,E01003354
D,E01003355
D,E01003356
D,E01003357
D,E01003358
D,E01003359
D,E01003360
D,E01003361
D,E01003362
D,E01003363
D,E01003364
E,E01003365
D,E01003366
D,E01003367
D,E01003368
D,E01003369
D,E01003370
D,E01003371
D,E01003372
D,E01003373
D,E01003374
D,E01003375
D,E01003376
C,E01003377
D,E01003378
D,E01003379
D,E01003380
D,E01003381
D,E01003382
D,E01003383
D,E01003384
D,E01003385
D,E01003386
D,E01003387
D,E01003388
D,E01003389
D,E01003390
D,E01003391
D,E01003392
D,E01003393
D,E01003394
D,E01003395
D,E01003396
D,E01003397
D,E01003398
D,E01003399
D,E01003400
D,E01003401
D,E01003402
D,E01003403
D,E01003404
D,E01003405
D,E01003406
D,E01003407
D,E01003408
D,E01003409
D,E01003410
D,E01003411
D,E01003412
D,E01003413
D,E01003414
D,E01003415
D,E01003416
D,E01003417
D,E01003418
D,E01003419
D,E01003420
D,E01003421
D,E01003422
D,E01003423
E,E01003424
E,E01003425
D,E01003426
D,E01003427
D,E01003428
D,E01003429
D,E01003430
D,E01003431
D,E01003432
D,E01003433
D,E01003434
D,E01003435
D,E01003436
D,E01003437
D,E01003438
D,E01003439
D,E01003440
D,E01003441
C,E01003442
D,E01003443
D,E01003444
E,E01003445
D,E01003446
D,E01003447
D,E01003448
D,E01003449
D,E01003450
D,E01003451
D,E01003452
D,E01003453
D,E01003454
D,E01003455
D,E01003456
D,E01003457
D,E01003458
C,E01003459
D,E01003460
D,E01003461
D,E01003462
D,E01003463
D,E01003464
D,E01003465
D,E01003466
D,E01003467
D,E01003468
D,E01003469
D,E01003470
D,E01003471
D,E01003472
D,E01003473
E,E01003474
C,E01003475
E,E01003476
D,E01003477
D,E01003478
D,E01003479
D,E01003480
C,E01003481
C,E01003482
C,E01003483
D,E01003484
D,E01003485
C,E01003486
C,E01003487
C,E01003488
D,E01003489
D,E01003490
D,E01003491
D,E01003492
D,E01003493
D,E01003494
D,E01003495
D,E01003496
D,E01003497
C,E01003498
D,E01003499
C,E01003500
D,E01003501
D,E01003502
C,E01003503
D,E01003506
D,E01003507
D,E01003508
D,E01003509
B,E01003511
D,E01003512
D,E01003513
C,E01003514
C,E01003515
D,E01003516
C,E01003517
D,E01003518
D,E01003519
D,E01003520
D,E01003521
D,E01003522
D,E01003523
D,E01003524
D,E01003525
D,E01003526
D,E01003527
C,E01003528
D,E01003529
D,E01003530
D,E01003531
D,E01003532
D,E01003533
D,E01003534
D,E01003535
D,E01003536
D,E01003537
D,E01003538
D,E01003539
D,E01003540
D,E01003541
D,E01003542
D,E01003543
D,E01003544
D,E01003545
C,E01003546
D,E01003547
D,E01003548
C,E01003549
D,E01003550
D,E01003551
D,E01003552
D,E01003553
D,E01003554
D,E01003555
E,E01003556
D,E01003557
D,E01003558
C,E01003559
D,E01003560
D,E01003561
D,E01003562
D,E01003563
D,E01003564
D,E01003565
D,E01003566
D,E01003567
D,E01003568
D,E01003569
D,E01003570
D,E01003571
D,E01003572
D,E01003573
D,E01003574
D,E01003575
C,E01003576
C,E01003577
D,E01003578
D,E01003579
D,E01003580
D,E01003581
D,E01003582
D,E01003583
D,E01003584
D,E01003585
D,E01003586
C,E01003587
D,E01003588
D,E01003589
D,E01003590
D,E01003591
D,E01003592
D,E01003593
D,E01003594
D,E01003595
D,E01003596
D,E01003597
C,E01003598
D,E01003599
C,E01003600
D,E01003601
D,E01003602
D,E01003603
D,E01003604
D,E01003605
D,E01003606
D,E01003607
D,E01003608
C,E01003609
C,E01003611
D,E01003615
D,E01003616
C,E01003617
D,E01003618
C,E01003619
D,E01003621
D,E01003622
D,E01003623
D,E01003624
D,E01003625
D,E01003626
D,E01003627
D,E01003628
D,E01003629
D,E01003630
D,E01003631
D,E01003632
C,E01003633
D,E01003634
D,E01003635
D,E01003636
D,E01003637
D,E01003638
D,E01003639
D,E01003640
D,E01003641
D,E01003642
D,E01003643
D,E01003644
C,E01003645
D,E01003646
D,E01003647
D,E01003648
D,E01003649
D,E01003650
D,E01003651
D,E01003652
D,E01003653
D,E01003654
D,E01003655
D,E01003656
D,E01003657
D,E01003658
D,E01003659
D,E01003660
D,E01003661
D,E01003662
D,E01003663
D,E01003664
D,E01003665
D,E01003666
D,E01003668
E,E01003669
D,E01003670
D,E01003671
D,E01003672
E,E01003673
D,E01003674
D,E01003675
D,E01003676
D,E01003677
D,E01003678
D,E01003679
D,E01003680
D,E01003681
D,E01003682
D,E01003683
D,E01003684
D,E01003685
D,E01003686
D,E01003688
D,E01003689
D,E01003690
D,E01003691
D,E01003692
D,E01003693
D,E01003694
D,E01003695
D,E01003696
D,E01003697
D,E01003698
D,E01003699
D,E01003700
D,E01003701
D,E01003702
D,E01003703
D,E01003704
D,E01003705
D,E01003706
E,E01003707
D,E01003708
D,E01003709
D,E01003710
D,E01003711
C,E01003712
D,E01003713
D,E01003714
D,E01003715
D,E01003716
D,E01003718
D,E01003719
D,E01003720
D,E01003721
D,E01003722
D,E01003723
D,E01003724
D,E01003725
D,E01003726
D,E01003727
D,E01003728
D,E01003729
D,E01003730
D,E01003731
C,E01003732
D,E01003733
D,E01003734
C,E01003735
D,E01003736
E,E01003737
D,E01003738
D,E01003739
D,E01003740
D,E01003741
D,E01003742
D,E01003743
D,E01003744
E,E01003745
C,E01003746
E,E01003747
D,E01003748
D,E01003749
D,E01003750
D,E01003751
D,E01003752
D,E01003753
D,E01003754
D,E01003755
D,E01003756
D,E01003757
C,E01003758
E,E01003759
D,E01003760
D,E01003761
D,E01003762
D,E01003763
D,E01003764
D,E01003765
D,E01003766
D,E01003767
D,E01003768
D,E01003769
C,E01003770
D,E01003771
D,E01003772
D,E01003773
D,E01003774
D,E01003775
D,E01003776
D,E01003777
D,E01003778
D,E01003779
E,E01003780
D,E01003781
D,E01003782
D,E01003783
D,E01003784
D,E01003785
D,E01003786
D,E01003787
D,E01003788
E,E01003789
D,E01003790
E,E01003791
E,E01003792
D,E01003793
D,E01003794
E,E01003795
D,E01003796
E,E01003797
D,E01003798
D,E01003799
D,E01003800
D,E01003801
C,E01003802
D,E01003803
D,E01003804
E,E01003805
E,E01003806
D,E01003807
D,E01003808
E,E01003809
D,E01003810
D,E01003811
D,E01003812
E,E01003813
D,E01003814
D,E01003815
D,E01003816
D,E01003817
D,E01003818
D,E01003819
D,E01003820
D,E01003821
E,E01003822
D,E01003823
D,E01003824
D,E01003825
D,E01003826
D,E01003827
D,E01003828
D,E01003829
D,E01003830
D,E01003831
C,E01003832
D,E01003833
D,E01003834
E,E01003835
C,E01003836
D,E01003837
D,E01003838
D,E01003839
D,E01003840
C,E01003841
D,E01003842
D,E01003843
E,E01003844
D,E01003845
E,E01003846
D,E01003847
D,E01003848
D,E01003849
E,E01003851
D,E01003852
D,E01003853
D,E01003854
D,E01003855
D,E01003856
D,E01003857
D,E01003858
E,E01003859
D,E01003860
D,E01003861
D,E01003862
D,E01003863
D,E01003864
D,E01003865
D,E01003866
D,E01003867
D,E01003868
D,E01003869
D,E01003870
D,E01003871
D,E01003872
D,E01003873
D,E01003874
D,E01003875
D,E01003876
D,E01003877
C,E01003878
D,E01003879
E,E01003880
D,E01003881
D,E01003882
D,E01003883
E,E01003884
D,E01003885
D,E01003886
D,E01003887
D,E01003888
D,E01003889
D,E01003890
D,E01003891
D,E01003892
D,E01003893
D,E01003894
D,E01003895
D,E01003896
D,E01003897
D,E01003898
D,E01003899
D,E01003900
D,E01003901
D,E01003902
D,E01003903
D,E01003904
D,E01003905
D,E01003906
D,E01003907
E,E01003908
E,E01003909
E,E01003910
D,E01003911
D,E01003912
D,E01003913
D,E01003914
D,E01003915
D,E01003916
D,E01003917
D,E01003918
D,E01003919
D,E01003920
D,E01003921
D,E01003922
D,E01003923
D,E01003924
B,E01003925
C,E01003926
C,E01003927
D,E01003929
D,E01003930
D,E01003932
D,E01003933
C,E01003934
C,E01003935
C,E01003936
D,E01003937
D,E01003938
D,E01003939
D,E01003940
C,E01003941
C,E01003942
D,E01003943
D,E01003945
D,E01003946
D,E01003947
D,E01003948
D,E01003949
D,E01003950
D,E01003951
D,E01003952
D,E01003953
D,E01003954
D,E01003955
D,E01003956
D,E01003957
D,E01003958
D,E01003960
D,E01003961
D,E01003963
D,E01003964
D,E01003966
C,E01003967
C,E01003968
D,E01003969
D,E01003970
C,E01003971
D,E01003972
C,E01003973
D,E01003974
C,E01003975
C,E01003976
C,E01003977
C,E01003978
C,E01003979
C,E01003980
D,E01003981
C,E01003983
D,E01003984
B,E01003986
C,E01003987
D,E01003988
D,E01003989
D,E01003990
D,E01003991
D,E01003992
C,E01003993
D,E01003994
D,E01003995
D,E01003997
D,E01003998
D,E01003999
D,E01004000
D,E01004001
D,E01004002
C,E01004003
D,E01004004
C,E01004005
D,E01004006
C,E01004007
C,E01004008
C,E01004010
C,E01004011
C,E01004012
C,E01004013
C,E01004014
D,E01004015
D,E01004016
D,E01004017
D,E01004018
D,E01004019
D,E01004020
D,E01004021
B,E01004022
D,E01004023
C,E01004024
D,E01004027
D,E01004028
C,E01004029
D,E01004030
D,E01004031
C,E01004032
C,E01004033
D,E01004034
C,E01004035
D,E01004036
D,E01004037
C,E01004038
D,E01004039
C,E01004040
C,E01004041
D,E01004042
D,E01004043
C,E01004044
C,E01004045
D,E01004046
D,E01004047
D,E01004048
D,E01004049
D,E01004050
D,E01004051
D,E01004052
C,E01004053
C,E01004054
D,E01004055
C,E01004056
D,E01004057
C,E01004058
C,E01004059
C,E01004060
D,E01004061
D,E01004062
D,E01004063
D,E01004064
D,E01004065
D,E01004066
D,E01004067
C,E01004068
E,E01004069
E,E01004070
D,E01004071
E,E01004072
D,E01004073
E,E01004074
E,E01004075
D,E01004076
E,E01004077
D,E01004078
E,E01004079
E,E01004080
D,E01004081
D,E01004082
C,E01004083
D,E01004084
D,E01004085
E,E01004086
E,E01004087
C,E01004088
C,E01004089
C,E01004090
E,E01004091
E,E01004092
D,E01004093
D,E01004094
C,E01004095
D,E01004096
E,E01004097
E,E01004098
D,E01004099
E,E01004100
E,E01004101
E,E01004102
D,E01004103
E,E01004104
E,E01004105
E,E01004106
D,E01004107
D,E01004108
D,E01004109
D,E01004110
E,E01004111
D,E01004112
D,E01004114
D,E01004115
E,E01004116
D,E01004117
E,E01004118
E,E01004119
E,E01004120
E,E01004121
E,E01004122
D,E01004123
D,E01004124
D,E01004125
D,E01004126
D,E01004127
D,E01004128
D,E01004129
E,E01004130
D,E01004131
D,E01004132
E,E01004133
E,E01004134
E,E01004135
E,E01004136
D,E01004137
D,E01004138
E,E01004139
D,E01004140
D,E01004141
C,E01004142
D,E01004143
E,E01004144
D,E01004145
D,E01004146
D,E01004147
D,E01004148
D,E01004149
D,E01004150
D,E01004151
D,E01004152
D,E01004153
E,E01004154
D,E01004155
D,E01004156
E,E01004157
D,E01004158
D,E01004159
D,E01004160
D,E01004161
D,E01004162
D,E01004163
D,E01004164
D,E01004165
D,E01004166
D,E01004167
E,E01004168
D,E01004169
E,E01004170
E,E01004171
D,E01004172
E,E01004173
E,E01004174
D,E01004175
D,E01004176
D,E01004177
D,E01004178
E,E01004179
E,E01004180
D,E01004181
D,E01004182
D,E01004183
D,E01004184
D,E01004185
D,E01004186
D,E01004187
D,E01004188
D,E01004189
E,E01004190
D,E01004191
D,E01004192
C,E01004193
E,E01004194
D,E01004195
D,E01004196
D,E01004197
D,E01004198
D,E01004199
D,E01004200
D,E01004201
D,E01004202
D,E01004203
D,E01004204
D,E01004205
D,E01004206
D,E01004207
E,E01004208
D,E01004209
D,E01004211
C,E01004212
C,E01004214
C,E01004215
C,E01004216
D,E01004217
C,E01004218
D,E01004219
C,E01004221
C,E01004222
C,E01004223
C,E01004224
D,E01004225
B,E01004226
D,E01004228
C,E01004229
D,E01004230
C,E01004231
D,E01004232
C,E01004233
D,E01004234
D,E01004235
D,E01004236
C,E01004237
B,E01004238
D,E01004239
C,E01004240
D,E01004241
C,E01004242
D,E01004243
D,E01004244
B,E01004245
D,E01004246
C,E01004247
D,E01004248
D,E01004249
C,E01004250
D,E01004251
D,E01004252
D,E01004253
C,E01004254
C,E01004255
D,E01004256
D,E01004257
C,E01004258
D,E01004259
C,E01004260
D,E01004261
D,E01004262
D,E01004263
D,E01004264
D,E01004266
C,E01004267
D,E01004268
C,E01004269
D,E01004270
B,E01004271
C,E01004272
B,E01004273
C,E01004274
D,E01004275
C,E01004276
C,E01004277
C,E01004280
C,E01004281
D,E01004283
C,E01004284
C,E01004285
C,E01004286
C,E01004287
D,E01004288
D,E01004289
C,E01004290
D,E01004291
C,E01004292
C,E01004293
C,E01004294
C,E01004295
C,E01004296
C,E01004297
C,E01004298
C,E01004300
D,E01004301
C,E01004302
C,E01004303
C,E01004304
D,E01004305
D,E01004306
C,E01004307
D,E01004308
C,E01004309
D,E01004310
C,E01004311
D,E01004312
D,E01004313
D,E01004314
D,E01004315
D,E01004316
C,E01004317
C,E01004318
D,E01004319
D,E01004321
D,E01004322
D,E01004323
D,E01004324
C,E01004325
D,E01004326
D,E01004327
D,E01004328
D,E01004329
D,E01004330
D,E01004331
D,E01004332
D,E01004333
C,E01004334
C,E01004335
D,E01004336
D,E01004337
D,E01004338
D,E01004339
D,E01004340
C,E01004341
D,E01004342
D,E01004343
D,E01004344
D,E01004345
D,E01004346
D,E01004347
D,E01004348
D,E01004349
D,E01004350
D,E01004351
D,E01004352
D,E01004353
D,E01004354
D,E01004355
D,E01004356
E,E01004357
D,E01004358
D,E01004359
E,E01004360
E,E01004361
D,E01004362
D,E01004363
D,E01004364
D,E01004365
D,E01004366
D,E01004367
D,E01004368
D,E01004369
D,E01004370
D,E01004371
D,E01004372
D,E01004373
D,E01004374
D,E01004375
D,E01004376
D,E01004377
D,E01004378
D,E01004379
E,E01004380
D,E01004381
D,E01004382
D,E01004383
D,E01004384
D,E01004385
E,E01004386
D,E01004387
D,E01004388
D,E01004389
D,E01004390
D,E01004391
D,E01004392
D,E01004393
D,E01004394
D,E01004395
D,E01004396
D,E01004397
D,E01004398
D,E01004399
D,E01004400
D,E01004401
D,E01004402
D,E01004403
D,E01004404
D,E01004405
D,E01004406
D,E01004407
D,E01004408
D,E01004409
D,E01004410
D,E01004411
D,E01004412
C,E01004413
D,E01004414
D,E01004415
D,E01004416
D,E01004417
D,E01004418
D,E01004419
D,E01004420
D,E01004421
D,E01004422
D,E01004423
D,E01004424
D,E01004425
D,E01004426
D,E01004427
C,E01004428
D,E01004429
D,E01004430
D,E01004432
D,E01004434
D,E01004435
D,E01004436
D,E01004437
D,E01004438
D,E01004439
D,E01004440
D,E01004441
D,E01004442
D,E01004443
D,E01004444
D,E01004445
D,E01004446
D,E01004447
D,E01004448
C,E01004449
D,E01004450
D,E01004451
D,E01004452
D,E01004453
D,E01004454
D,E01004455
C,E01004456
D,E01004457
D,E01004458
C,E01004459
D,E01004460
D,E01004461
D,E01004462
D,E01004463
D,E01004464
D,E01004465
D,E01004466
D,E01004467
D,E01004468
D,E01004469
D,E01004470
D,E01004471
D,E01004472
D,E01004473
D,E01004474
D,E01004475
D,E01004476
D,E01004477
D,E01004478
D,E01004479
D,E01004480
D,E01004481
D,E01004482
C,E01004483
D,E01004484
D,E01004485
D,E01004486
D,E01004487
D,E01004488
D,E01004489
D,E01004490
B,E01004491
D,E01004492
D,E01004493
D,E01004494
D,E01004495
D,E01004496
D,E01004497
D,E01004498
D,E01004499
D,E01004500
D,E01004501
D,E01004502
D,E01004503
D,E01004504
D,E01004505
D,E01004506
D,E01004507
D,E01004508
C,E01004509
D,E01004510
D,E01004511
D,E01004512
D,E01004513
D,E01004514
D,E01004515
D,E01004516
D,E01004517
D,E01004518
D,E01004519
D,E01004520
D,E01004521
D,E01004522
D,E01004523
D,E01004524
D,E01004525
D,E01004526
D,E01004527
C,E01004528
D,E01004529
D,E01004530
D,E01004531
D,E01004532
D,E01004533
D,E01004534
C,E01004535
D,E01004536
D,E01004537
D,E01004538
C,E01004539
D,E01004540
C,E01004541
D,E01004542
D,E01004543
D,E01004544
C,E01004545
D,E01004546
D,E01004547
D,E01004548
D,E01004549
D,E01004550
D,E01004551
D,E01004552
D,E01004553
D,E01004554
D,E01004555
D,E01004556
D,E01004557
D,E01004558
D,E01004559
D,E01004560
B,E01004562
D,E01004563
D,E01004564
D,E01004565
D,E01004566
D,E01004567
D,E01004568
D,E01004569
D,E01004570
C,E01004571
D,E01004572
D,E01004573
C,E01004574
C,E01004575
C,E01004576
D,E01004577
D,E01004579
D,E01004580
D,E01004581
C,E01004582
C,E01004583
D,E01004584
D,E01004585
D,E01004586
D,E01004587
D,E01004588
D,E01004589
D,E01004590
D,E01004591
D,E01004592
D,E01004593
D,E01004594
D,E01004595
D,E01004596
D,E01004597
D,E01004598
D,E01004599
C,E01004600
D,E01004601
D,E01004602
D,E01004604
D,E01004605
D,E01004606
D,E01004607
D,E01004608
D,E01004609
D,E01004610
D,E01004611
D,E01004612
D,E01004613
D,E01004614
D,E01004615
D,E01004616
D,E01004617
D,E01004618
D,E01004619
D,E01004620
D,E01004621
C,E01004622
D,E01004623
D,E01004624
E,E01004625
D,E01004626
D,E01004627
D,E01004628
D,E01004629
D,E01004630
D,E01004631
D,E01004632
D,E01004633
D,E01004634
D,E01004635
D,E01004636
D,E01004637
E,E01004638
D,E01004639
D,E01004640
D,E01004641
D,E01004642
D,E01004643
D,E01004644
D,E01004645
D,E01004646
D,E01004647
D,E01004648
D,E01004649
D,E01004650
D,E01004651
D,E01004652
D,E01004653
D,E01004654
D,E01004656
D,E01004657
D,E01004658
D,E01004659
D,E01004660
D,E01004661
D,E01004662
D,E01004663
D,E01004665
D,E01004666
D,E01004667
C,E01004668
D,E01004669
C,E01004670
D,E01004674
C,E01004675
D,E01004676
D,E01004677
D,E01004678
D,E01004679
D,E01004680
D,E01004681
D,E01004682
D,E01004683
D,E01004684
C,E01004686
D,E01004687
D,E01004688
D,E01004689
D,E01004690
D,E01004691
D,E01004692
D,E01004693
D,E01004694
D,E01004695
C,E01004696
D,E01004697
D,E01004698
D,E01004699
D,E01004700
D,E01004701
C,E01004702
D,E01004703
D,E01004705
D,E01004706
D,E01004707
D,E01004708
D,E01004709
D,E01004710
C,E01004711
D,E01004712
D,E01004713
D,E01004714
D,E01004715
D,E01004716
D,E01004717
D,E01004718
D,E01004719
D,E01004720
D,E01004721
D,E01004722
D,E01004723
D,E01004724
C,E01004725
D,E01004726
D,E01004727
D,E01004728
D,E01004729
D,E01004730
C,E01004731
C,E01004732
C,E01004733
D,E01004734
D,E01004735
D,E01004736
D,E01004737
D,E01004738
D,E01004739
C,E01004740
C,E01004741
D,E01004742
C,E01004743
D,E01004744
D,E01004745
D,E01004746
C,E01004747
D,E01004748
D,E01004749
D,E01004750
D,E01004751
D,E01004752
D,E01004753
C,E01004754
C,E01004755
D,E01004756
D,E01004757
D,E01004760
D,E01004761
D,E01004762
D,E01004763
D,E01004765
D,E01015971
D,E01021744
D,E01021752
B,E01023548
E,E01023839
D,E01023840
D,E01023849
F,E01024151
D,E01024153
D,E01024421
E,E01024439
E,E01024440
F,E01028671
D,E01030323
D,E01030389
D,E01030408
D,E01030565
C,E01030747
D,E01030857
E,E01030860
D,E01032512
C,E01032513
D,E01032562
E,E01032563
D,E01032564
D,E01032565
D,E01032566
D,E01032567
D,E01032568
D,E01032569
D,E01032570
D,E01032572
D,E01032573
D,E01032574
C,E01032575
D,E01032576
D,E01032577
D,E01032579
D,E01032580
D,E01032581
D,E01032582
C,E01032583
D,E01032584
E,E01032623
D,E01032624
D,E01032637
C,E01032638
B,E01032639
C,E01032640
C,E01032646
C,E01032719
B,E01032720
D,E01032722
D,E01032739
D,E01032740
D,E01032741
B,E01032742
B,E01032743
D,E01032744
C,E01032764
C,E01032765
C,E01032766
D,E01032767
C,E01032768
C,E01032769
B,E01032770
E,E01032771
B,E01032772
C,E01032773
B,E01032774
C,E01032775
C,E01032776
C,E01032777
B,E01032778
C,E01032779
C,E01032780
C,E01032781
B,E01032782
C,E01032783
C,E01032784
C,E01032785
D,E01032786
D,E01032787
D,E01032788
C,E01032789
C,E01032790
C,E01032803
D,E01032805
C,E01032834
C,E01033000
C,E01033030
C,E01033081
C,E01033082
C,E01033083
D,E01033084
C,E01033085
C,E01033086
C,E01033093
C,E01033098
C,E01033099
D,E01033100
C,E01033101
C,E01033132
C,E01033133
D,E01033135
C,E01033146
C,E01033148
C,E01033150
C,E01033151
D,E01033153
D,E01033207
C,E01033208
D,E01033262
D,E01033320
C,E01033322
D,E01033324
C,E01033325
D,E01033327
D,E01033341
B,E01033424
D,E01033455
C,E01033456
D,E01033457
D,E01033463
D,E01033464
D,E01033485
D,E01033486
B,E01033487
B,E01033488
C,E01033489
C,E01033490
D,E01033491
B,E01033492
B,E01033493
D,E01033494
C,E01033568
D,E01033569
C,E01033570
D,E01033571
C,E01033572
C,E01033573
C,E01033574
C,E01033575
B,E01033576
C,E01033577
C,E01033578
C,E01033579
C,E01033580
C,E01033581
C,E01033582
B,E01033583
D,E01033584
C,E01033585
D,E01033586
B,E01033587
D,E01033588
C,E01033589
C,E01033590
D,E01033591
C,E01033592
C,E01033593
D,E01033594
D,E01033595
D,E01033596
C,E01033597
C,E01033598
B,E01033599
D,E01033600
C,E01033601
D,E01033602
D,E01033603
D,E01033604
D,E01033605
D,E01033606
D,E01033607
D,E01033608
C,E01033698
D,E01033699
C,E01033700
C,E01033701
C,E01033702
D,E01033703
C,E01033704
C,E01033705
D,E01033706
C,E01033707
D,E01033708
D,E01033709
C,E01033710
C,E01033711
D,E01033712
D,E01033713
D,E01033724
D,E01033725
B,E01033726
C,E01033727
D,E01033728
D,E01033729
B,E01033730
B,E01033731
B,E01033732
B,E01033733
B,E01033734
D,E01033735
B,E01033736
D,E01033737
D,E01033738
B,E01033739
C,E01033740
C,E01033741
B,E01033742
C,E01033743
C,E01033744
C,E01033745
D,E01033746